Nível;CD_MUN;Município;Cana-2016;Soja-2016;Cana-2017;Soja-2017;Cana-2018;Soja-2018;Cana-2019;Soja-2019;Cana-2020;Soja-2020
MU;3500105;Adamantina (SP);80000;1800;80000;2400;70000;2400;75000;1800;70000;1800
MU;3500204;Adolfo (SP);80000;4500;90000;3601;90000;3983;90000;3458;90000;3600
MU;3500303;Aguaí (SP);90000;3071;90000;3739;85000;3960;85000;3500;85000;3083
MU;3500402;Águas da Prata (SP);0;0;0;0;0;0;0;0;0;0
MU;3500501;Águas de Lindóia (SP);0;0;0;3609;0;0;0;0;0;0
MU;3500550;Águas de Santa Bárbara (SP);63000;4130;80000;4056;70000;4000;75000;3080;55000;4050
MU;3500600;Águas de São Pedro (SP);0;0;0;0;0;0;0;0;0;0
MU;3500709;Agudos (SP);61000;0;70000;3733;61000;3595;70000;2748;70000;3120
MU;3500758;Alambari (SP);80000;3000;80000;3000;80000;3000;80000;3000;80000;3000
MU;3500808;Alfredo Marcondes (SP);0;0;0;0;0;0;0;0;0;0
MU;3500907;Altair (SP);80000;2545;80000;2545;80000;2545;80000;2500;75000;3000
MU;3501004;Altinópolis (SP);74000;3622;74000;3840;74000;3840;74000;3840;74000;3840
MU;3501103;Alto Alegre (SP);74230;0;65690;0;65690;0;80000;0;70000;0
MU;3501152;Alumínio (SP);100000;0;100000;0;100000;0;85000;0;100000;0
MU;3501202;Álvares Florence (SP);83798;3079;80000;3203;75002;3484;75002;3179;75000;3060
MU;3501301;Álvares Machado (SP);75000;0;80000;0;100000;0;100000;0;100000;3000
MU;3501400;Álvaro de Carvalho (SP);0;0;0;0;0;0;0;0;0;0
MU;3501509;Alvinlândia (SP);0;0;0;2700;0;3600;0;3600;0;0
MU;3501608;Americana (SP);80000;0;80000;0;80000;0;80000;0;80000;0
MU;3501707;Américo Brasiliense (SP);80000;0;80000;0;80000;0;80000;0;80000;0
MU;3501806;Américo de Campos (SP);78000;3383;78000;3189;70000;3371;70000;2612;71944;3360
MU;3501905;Amparo (SP);60000;0;60000;0;60000;0;60000;0;60000;3896
MU;3502002;Analândia (SP);85000;3000;85000;3300;85000;3300;85000;3300;85000;3300
MU;3502101;Andradina (SP);70000;1800;70000;3500;75000;3500;70000;2100;70000;2467
MU;3502200;Angatuba (SP);100000;4200;100000;4200;85000;4200;85000;3600;90000;4200
MU;3502309;Anhembi (SP);70000;2100;80000;2100;80000;0;79259;0;79259;0
MU;3502408;Anhumas (SP);60000;2700;75000;2000;75000;3180;75000;3180;73475;2400
MU;3502507;Aparecida (SP);0;0;0;0;0;0;0;0;0;0
MU;3502606;Aparecida d'Oeste (SP);80000;0;80000;0;80000;0;85000;0;85000;0
MU;3502705;Apiaí (SP);0;3000;0;3000;0;3000;0;3000;0;3000
MU;3502754;Araçariguama (SP);0;0;0;0;0;0;0;0;0;0
MU;3502804;Araçatuba (SP);68354;2400;65000;1980;80000;3600;75000;2100;80000;3000
MU;3502903;Araçoiaba da Serra (SP);80000;3400;80000;3400;80000;3400;80000;3400;80000;3400
MU;3503000;Aramina (SP);80000;3300;80000;3300;80000;3300;75000;2827;75000;1835
MU;3503109;Arandu (SP);60000;3651;60000;3632;55000;3600;0;4309;60000;4050
MU;3503158;Arapeí (SP);0;0;65000;0;65000;0;65000;0;65000;0
MU;3503208;Araraquara (SP);80000;3000;80000;3000;80000;3000;80000;4500;80000;4500
MU;3503307;Araras (SP);80000;3300;80000;3000;76444;3150;80000;3280;80000;3000
MU;3503356;Arco-Íris (SP);75000;3598;61000;0;82800;0;70000;0;75000;0
MU;3503406;Arealva (SP);72125;3599;75000;3064;80000;3608;77000;2543;72000;3518
MU;3503505;Areias (SP);0;0;60000;0;60000;0;65000;0;60000;0
MU;3503604;Areiópolis (SP);88000;2500;83000;0;83000;0;84438;0;84444;0
MU;3503703;Ariranha (SP);89247;0;85000;0;85000;0;73000;2400;73000;3200
MU;3503802;Artur Nogueira (SP);80000;2452;80000;2452;77667;2000;78400;2360;80000;2400
MU;3503901;Arujá (SP);0;0;0;0;0;0;0;0;0;0
MU;3503950;Aspásia (SP);85000;0;85000;0;85000;0;90000;0;90000;0
MU;3504008;Assis (SP);75000;2880;95000;2880;85000;2940;85000;2820;85000;2900
MU;3504107;Atibaia (SP);70000;3000;70000;3000;70000;3000;70000;3000;70000;3000
MU;3504206;Auriflama (SP);70000;0;70000;2400;70000;2400;75000;2200;70000;2400
MU;3504305;Avaí (SP);61680;0;61680;0;70000;0;70000;0;75000;0
MU;3504404;Avanhandava (SP);76530;1921;61900;2099;61900;2700;75000;2700;66000;2699
MU;3504503;Avaré (SP);70000;2400;70000;0;70000;3200;70000;3618;72500;3600
MU;3504602;Bady Bassitt (SP);90000;3600;90000;3597;90000;3600;85000;2200;85000;3000
MU;3504701;Balbinos (SP);85019;0;80000;0;90000;0;90000;0;90000;0
MU;3504800;Bálsamo (SP);70000;2100;80000;1800;70000;3200;80000;2400;80000;3000
MU;3504909;Bananal (SP);65000;0;65000;0;65000;0;65000;0;65000;0
MU;3505005;Barão de Antonina (SP);0;3720;0;3600;0;3600;0;4214;0;4000
MU;3505104;Barbosa (SP);74360;2700;70220;3000;70220;2400;50000;2100;70000;2400
MU;3505203;Bariri (SP);80000;3000;82000;3600;75000;3715;78000;3350;75000;3616
MU;3505302;Barra Bonita (SP);85000;4200;85000;4680;85000;4509;75000;3000;75000;4196
MU;3505351;Barra do Chapéu (SP);0;0;0;0;0;0;50000;0;50000;0
MU;3505401;Barra do Turvo (SP);0;0;0;0;20000;0;46000;0;46000;0
MU;3505500;Barretos (SP);90000;2700;90000;3000;81000;3000;83667;2700;84889;3604
MU;3505609;Barrinha (SP);80000;3000;85000;3506;85000;2506;85000;2506;85000;2506
MU;3505708;Barueri (SP);0;0;0;0;0;0;0;0;0;0
MU;3505807;Bastos (SP);75000;0;75000;0;68000;0;70000;0;71000;0
MU;3505906;Batatais (SP);85000;3000;85000;2100;85000;2100;85000;3300;85000;3300
MU;3506003;Bauru (SP);70000;0;70000;3000;65000;3000;65000;3000;70000;0
MU;3506102;Bebedouro (SP);82000;3300;82000;3600;65000;3600;75000;2100;75000;3600
MU;3506201;Bento de Abreu (SP);77000;3600;77000;3550;80000;3600;71656;3250;75000;2935
MU;3506300;Bernardino de Campos (SP);80000;2550;80000;2550;80000;3000;80000;3600;80000;3643
MU;3506359;Bertioga (SP);0;0;0;0;0;0;0;0;0;0
MU;3506409;Bilac (SP);73000;2880;74000;2940;70000;3000;70000;1500;70000;3300
MU;3506508;Birigui (SP);80000;3727;80000;4158;80000;3883;60000;2653;60000;3616
MU;3506607;Biritiba Mirim (SP);0;0;0;0;0;0;0;0;0;0
MU;3506706;Boa Esperança do Sul (SP);80000;2880;75000;3600;75000;3000;78333;3000;77000;4500
MU;3506805;Bocaina (SP);80000;3264;80000;2463;80000;3528;75000;2856;75000;3681
MU;3506904;Bofete (SP);60000;0;80000;0;80000;0;71875;0;71875;0
MU;3507001;Boituva (SP);100000;3000;100000;3000;80000;3000;73333;3000;100000;3000
MU;3507100;Bom Jesus dos Perdões (SP);0;0;0;0;0;0;0;0;0;0
MU;3507159;Bom Sucesso de Itararé (SP);0;2267;0;0;0;0;0;0;0;0
MU;3507209;Borá (SP);59690;0;56010;0;65000;0;68000;2100;70000;0
MU;3507308;Boracéia (SP);85000;2700;85000;3241;85000;3545;80000;2494;75000;2882
MU;3507407;Borborema (SP);90000;3000;90000;3000;75000;3000;82000;3000;82000;3000
MU;3507456;Borebi (SP);90000;3962;80000;4100;68000;3742;68000;3742;72500;2989
MU;3507506;Botucatu (SP);70000;3000;80000;2880;80000;2881;79409;2883;79409;2883
MU;3507605;Bragança Paulista (SP);80000;2500;80000;2500;80000;2500;80000;2500;80000;2500
MU;3507704;Braúna (SP);83170;3000;70200;3300;70200;3300;62000;2400;70000;2400
MU;3507753;Brejo Alegre (SP);80000;3600;80000;3600;90000;3300;60000;1500;90000;3600
MU;3507803;Brodowski (SP);65000;2700;65000;2400;65000;3600;65000;3600;75000;3600
MU;3507902;Brotas (SP);82090;3000;80000;3419;80000;4116;82000;3262;75000;4036
MU;3508009;Buri (SP);0;3000;0;3000;0;4001;0;3146;0;3146
MU;3508108;Buritama (SP);81194;3000;90000;3752;80000;2169;80000;3710;80000;3986
MU;3508207;Buritizal (SP);80000;3300;80000;3300;80000;3300;60000;2100;60000;2100
MU;3508306;Cabrália Paulista (SP);70000;0;55000;0;47312;3375;48889;0;48000;2800
MU;3508405;Cabreúva (SP);80000;1919;75000;0;60000;0;75000;0;79000;0
MU;3508504;Caçapava (SP);100000;0;120000;0;120000;0;120000;0;120000;0
MU;3508603;Cachoeira Paulista (SP);60000;0;60000;0;66000;0;66000;0;60000;0
MU;3508702;Caconde (SP);80000;1900;80000;1900;82000;0;82000;3000;80665;3000
MU;3508801;Cafelândia (SP);76572;0;71200;3000;70000;3058;63000;1501;75001;3000
MU;3508900;Caiabu (SP);75000;0;75000;0;75000;0;75000;0;75000;0
MU;3509007;Caieiras (SP);0;0;0;0;2000;0;2000;0;2000;0
MU;3509106;Caiuá (SP);85329;0;64000;2500;64000;0;64000;0;64000;2500
MU;3509205;Cajamar (SP);0;0;0;0;0;0;0;0;0;0
MU;3509254;Cajati (SP);0;0;0;0;20000;0;20000;0;20000;0
MU;3509304;Cajobi (SP);80000;3360;80000;3600;80000;2698;90000;2711;100000;3600
MU;3509403;Cajuru (SP);70000;0;67200;0;67154;0;67200;3360;67200;3360
MU;3509452;Campina do Monte Alegre (SP);85000;4200;85000;4200;85000;4200;85000;4200;0;4200
MU;3509502;Campinas (SP);100000;2400;95286;3300;80000;2500;74588;2400;74588;2400
MU;3509601;Campo Limpo Paulista (SP);0;0;0;0;0;0;0;0;0;0
MU;3509700;Campos do Jordão (SP);0;0;0;0;0;0;0;0;0;0
MU;3509809;Campos Novos Paulista (SP);70000;2700;70000;3000;69000;3100;40000;3600;78960;3290
MU;3509908;Cananéia (SP);10000;0;10000;0;10000;0;10000;0;10000;0
MU;3509957;Canas (SP);0;0;0;0;0;0;0;0;0;0
MU;3510005;Cândido Mota (SP);74000;3000;80000;3229;83000;3190;83000;3263;83000;3263
MU;3510104;Cândido Rodrigues (SP);62000;0;68625;1689;80000;4000;90000;4000;87000;0
MU;3510153;Canitar (SP);71000;2480;71000;3300;65000;3104;70000;2700;78960;2810
MU;3510203;Capão Bonito (SP);0;4500;0;4500;0;4500;0;4500;0;4500
MU;3510302;Capela do Alto (SP);90000;3600;90000;3000;90000;3000;83000;3000;89334;3133
MU;3510401;Capivari (SP);75000;3000;75000;3000;75000;3000;70000;3000;68000;3000
MU;3510500;Caraguatatuba (SP);0;0;0;0;0;0;0;0;0;0
MU;3510609;Carapicuíba (SP);0;0;0;0;0;0;0;0;0;0
MU;3510708;Cardoso (SP);74000;2800;98000;3320;72000;3058;76000;1756;80000;3446
MU;3510807;Casa Branca (SP);89091;2700;94091;3600;100000;3586;100000;3600;94394;3460
MU;3510906;Cássia dos Coqueiros (SP);55000;3000;54767;0;60000;0;60000;0;60000;2700
MU;3511003;Castilho (SP);75000;2400;75000;2400;75000;3000;70281;1680;73427;2173
MU;3511102;Catanduva (SP);85000;0;85000;3419;85000;2462;81000;3600;83667;3600
MU;3511201;Catiguá (SP);82000;0;80000;0;85000;0;85000;0;85000;0
MU;3511300;Cedral (SP);100000;0;100000;0;90000;0;80000;2700;75000;3000
MU;3511409;Cerqueira César (SP);85000;3375;80000;4640;75000;3380;80000;3150;75000;3750
MU;3511508;Cerquilho (SP);95436;3564;90000;3429;90000;3300;90000;2800;90000;2800
MU;3511607;Cesário Lange (SP);80000;0;80000;3600;80000;3600;80000;3600;80000;3400
MU;3511706;Charqueada (SP);65000;0;65000;0;65049;0;65316;0;65016;0
MU;3511904;Clementina (SP);78210;3000;65540;3000;65540;3000;57000;1800;70000;3000
MU;3512001;Colina (SP);85000;2700;85000;3600;80000;3000;81000;2333;82000;3700
MU;3512100;Colômbia (SP);80000;3000;80372;3612;80000;3436;80000;2881;80000;3480
MU;3512209;Conchal (SP);85000;3720;85211;3720;85211;3720;75000;3360;75000;3900
MU;3512308;Conchas (SP);70000;3000;70000;2717;80000;3959;80524;3980;80524;4063
MU;3512407;Cordeirópolis (SP);110000;3600;110000;3600;110065;3500;96600;3238;91707;3481
MU;3512506;Coroados (SP);90000;3209;90000;3600;85000;3480;70000;2135;85000;3000
MU;3512605;Coronel Macedo (SP);120000;3325;100000;3700;80000;3160;0;3798;0;3600
MU;3512704;Corumbataí (SP);65000;2600;65000;0;70000;2600;70000;2600;70000;3600
MU;3512803;Cosmópolis (SP);75000;2391;75000;2391;82000;2600;80000;3750;76667;2793
MU;3512902;Cosmorama (SP);80000;3500;80000;3375;80000;3375;70000;2400;70000;2760
MU;3513009;Cotia (SP);0;0;0;0;0;0;0;0;0;0
MU;3513108;Cravinhos (SP);80000;3000;71000;0;71000;0;71000;0;71000;0
MU;3513207;Cristais Paulista (SP);80000;3360;75000;3420;85000;3420;80000;3000;78333;3280
MU;3513306;Cruzália (SP);75000;0;100000;3375;100000;2883;85000;2878;90000;2883
MU;3513405;Cruzeiro (SP);65000;0;65000;0;65000;0;65000;0;65000;0
MU;3513504;Cubatão (SP);0;0;0;0;0;0;0;0;0;0
MU;3513603;Cunha (SP);0;0;0;0;0;0;0;0;0;0
MU;3513702;Descalvado (SP);80000;0;80000;0;80000;0;80000;0;80000;3000
MU;3513850;Dirce Reis (SP);80000;0;80000;0;80000;0;80000;0;80000;0
MU;3513900;Divinolândia (SP);80000;0;80000;0;0;0;0;3000;0;3000
MU;3514007;Dobrada (SP);90000;2100;90000;3417;89000;4000;90000;3800;90000;3500
MU;3514106;Dois Córregos (SP);85000;3000;85000;3295;85000;3531;85000;3319;75000;3544
MU;3514205;Dolcinópolis (SP);90000;0;90000;0;90000;0;90000;0;90000;0
MU;3514304;Dourado (SP);75000;2700;77800;2000;72000;3540;72000;3540;80000;3200
MU;3514403;Dracena (SP);75000;0;70000;0;70000;0;70000;0;70000;0
MU;3514502;Duartina (SP);70000;0;65000;0;70000;0;74000;0;78959;0
MU;3514601;Dumont (SP);80000;3000;85000;3000;85000;3000;85000;3400;85000;3600
MU;3514700;Echaporã (SP);75487;0;70000;2520;60000;2520;75000;2520;65000;2500
MU;3514809;Eldorado (SP);0;0;0;0;0;0;0;0;0;0
MU;3514908;Elias Fausto (SP);80000;3000;76000;3600;79000;2100;79000;2100;80000;3500
MU;3514924;Elisiário (SP);90000;0;90000;0;72000;0;66000;2703;66000;0
MU;3514957;Embaúba (SP);80000;3000;80000;3000;85000;3000;85000;2714;85000;3600
MU;3515004;Embu das Artes (SP);0;0;0;0;0;0;0;0;0;0
MU;3515103;Embu-Guaçu (SP);0;0;0;0;0;0;0;0;0;0
MU;3515129;Emilianópolis (SP);100000;3000;100000;2400;100000;3300;100000;3300;100000;2700
MU;3515152;Engenheiro Coelho (SP);78000;4000;85000;4000;93000;3701;90000;3480;85000;3193
MU;3515186;Espírito Santo do Pinhal (SP);80000;0;59674;3000;70000;0;70000;0;80000;0
MU;3515194;Espírito Santo do Turvo (SP);70000;2700;60000;3800;65000;3226;75000;3000;78900;3050
MU;3515202;Estrela d'Oeste (SP);80000;1803;80000;2400;80000;2400;80000;1800;80000;1750
MU;3515301;Estrela do Norte (SP);90000;2400;85000;2300;85000;3900;85000;3900;85000;3899
MU;3515350;Euclides da Cunha Paulista (SP);64742;1500;70000;1500;70000;1350;72811;3600;69584;3600
MU;3515400;Fartura (SP);96000;3300;96000;3300;90000;3300;85500;3600;70000;3000
MU;3515509;Fernandópolis (SP);75000;2400;75000;3000;80000;3333;72176;2700;80000;3330
MU;3515608;Fernando Prestes (SP);70000;0;70000;0;90000;0;85000;3500;85000;0
MU;3515657;Fernão (SP);0;0;0;3600;60000;0;60000;0;60000;2500
MU;3515707;Ferraz de Vasconcelos (SP);0;0;0;0;0;0;0;0;0;0
MU;3515806;Flora Rica (SP);60000;0;60000;0;70000;2800;75000;2000;75000;2400
MU;3515905;Floreal (SP);70000;0;90000;2200;90000;1920;90000;2100;90000;3000
MU;3516002;Flórida Paulista (SP);70000;0;70000;2519;70000;2500;70000;1800;70000;2100
MU;3516101;Florínea (SP);65000;3250;95000;3250;95000;3257;110000;3288;95000;3288
MU;3516200;Franca (SP);80000;3300;80000;3300;80000;3300;80000;3200;80000;3267
MU;3516309;Francisco Morato (SP);0;0;0;0;0;0;0;0;0;0
MU;3516408;Franco da Rocha (SP);0;0;0;0;0;0;0;0;0;0
MU;3516507;Gabriel Monteiro (SP);85119;3000;77861;3000;80000;0;80000;2219;80000;2702
MU;3516606;Gália (SP);0;3000;0;3000;0;3000;0;2500;0;2500
MU;3516705;Garça (SP);0;3000;0;3000;0;3000;0;4200;0;3500
MU;3516804;Gastão Vidigal (SP);75000;2400;75000;2400;79444;2397;83000;2700;80000;2890
MU;3516853;Gavião Peixoto (SP);90000;2769;80000;2769;80000;3200;82667;2769;82000;3000
MU;3516903;General Salgado (SP);61000;2100;65000;3600;65000;3600;65000;2400;65144;3200
MU;3517000;Getulina (SP);75000;0;69699;0;75000;2400;75000;2100;75000;2700
MU;3517109;Glicério (SP);90030;3000;72840;3257;72840;3676;80000;1800;80000;2800
MU;3517208;Guaiçara (SP);90000;3000;75000;3595;70000;3595;65000;2102;70000;3000
MU;3517307;Guaimbê (SP);60000;0;52000;2400;55000;0;55000;0;55000;0
MU;3517406;Guaíra (SP);85000;2700;85000;3408;85000;3213;85000;2848;85000;4085
MU;3517505;Guapiaçu (SP);80000;0;80000;4200;80000;3300;80000;2700;80000;3000
MU;3517604;Guapiara (SP);0;3600;0;3600;0;3600;0;3600;0;3600
MU;3517703;Guará (SP);80000;3300;80000;3310;80026;3300;80000;2542;80000;2542
MU;3517802;Guaraçaí (SP);70000;0;70000;0;70000;0;70000;0;70000;0
MU;3517901;Guaraci (SP);90000;3696;90000;3308;80000;3292;80000;2708;83333;3619
MU;3518008;Guarani d'Oeste (SP);80000;2455;80000;2400;80000;2400;72000;1800;80000;3000
MU;3518107;Guarantã (SP);60000;0;60000;0;60000;0;70000;150;70000;2880
MU;3518206;Guararapes (SP);70000;3300;68000;3300;70017;3000;70000;2100;75000;3700
MU;3518305;Guararema (SP);0;0;120000;0;50000;0;50000;0;50000;0
MU;3518404;Guaratinguetá (SP);0;2400;0;0;0;2400;0;3000;0;3000
MU;3518503;Guareí (SP);65000;3000;80000;3000;80000;3000;80000;3300;80000;3300
MU;3518602;Guariba (SP);85000;3000;85000;2500;85000;2000;85000;3000;90000;3000
MU;3518701;Guarujá (SP);0;0;0;0;0;0;0;0;0;0
MU;3518800;Guarulhos (SP);0;0;0;0;0;0;0;0;0;0
MU;3518859;Guatapará (SP);73001;0;73001;3000;73001;0;73001;2703;73001;2703
MU;3518909;Guzolândia (SP);72000;0;72000;2800;72000;2400;65000;2100;70000;3000
MU;3519006;Herculândia (SP);75000;3299;80000;3507;80000;3000;75000;3000;76667;3000
MU;3519055;Holambra (SP);130000;4200;130000;4200;130000;4200;130000;4200;130000;4200
MU;3519071;Hortolândia (SP);0;0;0;0;0;0;0;0;0;0
MU;3519105;Iacanga (SP);80000;0;85000;0;80000;3000;80000;3000;80000;3000
MU;3519204;Iacri (SP);75000;3000;68000;0;70000;0;61000;0;69800;0
MU;3519253;Iaras (SP);70000;3786;70000;4000;70000;3978;70000;3613;68000;3750
MU;3519303;Ibaté (SP);82000;3000;85000;3000;85000;3000;85000;3000;85000;3000
MU;3519402;Ibirá (SP);80000;0;80000;0;80000;0;65000;2160;80000;3000
MU;3519501;Ibirarema (SP);65000;3000;100000;3400;85000;3000;85000;3000;75000;3000
MU;3519600;Ibitinga (SP);95000;3000;95000;3600;85016;3600;75000;3000;82000;3000
MU;3519709;Ibiúna (SP);0;3000;0;3000;0;3000;0;3500;0;3000
MU;3519808;Icém (SP);90000;0;72115;0;55000;2379;80000;1505;70000;3000
MU;3519907;Iepê (SP);79470;2982;75651;3132;70079;3500;70079;3500;70870;3393
MU;3520004;Igaraçu do Tietê (SP);82000;0;83000;0;85000;0;75000;0;75000;0
MU;3520103;Igarapava (SP);78000;3600;83000;3600;83000;3600;69000;2700;69000;2700
MU;3520202;Igaratá (SP);0;0;0;0;0;0;0;0;0;0
MU;3520301;Iguape (SP);0;0;0;0;0;0;0;0;0;0
MU;3520400;Ilhabela (SP);0;0;0;0;0;0;0;0;0;0
MU;3520442;Ilha Solteira (SP);86000;0;85086;2600;85000;2600;75000;2630;83987;3021
MU;3520509;Indaiatuba (SP);80000;2100;80000;2100;79000;2100;79000;2100;84000;2400
MU;3520608;Indiana (SP);69870;0;69870;0;69870;0;69870;0;75712;3705
MU;3520707;Indiaporã (SP);80000;2400;80000;2400;80000;2700;80000;1663;80000;3000
MU;3520806;Inúbia Paulista (SP);78000;1800;78000;3000;76000;3060;69000;1800;70000;2400
MU;3520905;Ipaussu (SP);75000;3000;75000;3300;72000;3000;80000;3000;79000;3050
MU;3521002;Iperó (SP);79944;0;79944;0;0;2278;79943;2278;79944;2278
MU;3521101;Ipeúna (SP);59850;0;59850;0;77000;0;77000;0;80000;0
MU;3521150;Ipiguá (SP);90000;0;89271;0;89271;0;80000;2700;90000;3000
MU;3521200;Iporanga (SP);50000;0;50000;0;20000;0;20000;0;40000;0
MU;3521309;Ipuã (SP);80000;2400;80000;3626;80000;3629;75000;2806;75000;2828
MU;3521408;Iracemápolis (SP);85000;2919;86659;2919;81694;3180;85500;3400;85667;3080
MU;3521507;Irapuã (SP);90000;2400;90000;3000;83367;3000;90000;1300;98000;3480
MU;3521606;Irapuru (SP);70000;0;70000;0;70000;0;70000;1800;70000;0
MU;3521705;Itaberá (SP);0;4000;0;4200;0;3915;0;3915;0;3941
MU;3521804;Itaí (SP);70000;3600;70000;4500;45000;3800;75000;3100;75000;3500
MU;3521903;Itajobi (SP);80000;0;80000;0;90000;0;76000;0;90000;0
MU;3522000;Itaju (SP);77000;3600;77000;3000;75000;3060;75000;3000;75000;3600
MU;3522109;Itanhaém (SP);0;0;0;0;0;0;0;0;0;0
MU;3522158;Itaoca (SP);60000;0;60000;0;60000;0;60000;0;60000;0
MU;3522208;Itapecerica da Serra (SP);0;0;0;0;0;0;0;0;0;0
MU;3522307;Itapetininga (SP);80000;3600;80000;3600;80000;3600;80000;3600;80000;4200
MU;3522406;Itapeva (SP);80000;4021;80000;4223;80000;4215;80000;3857;80000;3835
MU;3522505;Itapevi (SP);0;0;0;0;0;0;0;0;0;0
MU;3522604;Itapira (SP);66000;3300;50000;3000;52000;3622;60000;3276;60000;3300
MU;3522653;Itapirapuã Paulista (SP);60000;0;60000;0;60000;0;60000;0;60000;0
MU;3522703;Itápolis (SP);66000;1800;66000;2100;90000;2500;90000;4000;87000;3500
MU;3522802;Itaporanga (SP);0;3350;0;4000;70000;3630;0;3102;0;3687
MU;3522901;Itapuí (SP);85000;2623;85000;3261;75000;3576;80000;1804;75000;2701
MU;3523008;Itapura (SP);100000;3509;100000;3514;100000;3600;80000;3456;95000;3600
MU;3523107;Itaquaquecetuba (SP);0;0;0;0;0;0;0;0;0;0
MU;3523206;Itararé (SP);0;4000;0;3694;70000;3600;70000;3719;70000;4500
MU;3523305;Itariri (SP);0;0;0;0;0;0;0;0;0;0
MU;3523404;Itatiba (SP);50000;0;50000;3500;50000;3500;50000;3500;50000;3500
MU;3523503;Itatinga (SP);80000;3600;80000;4200;80000;4391;78511;4314;78511;4314
MU;3523602;Itirapina (SP);65000;2606;65000;2600;70000;2600;70000;2600;70000;2600
MU;3523701;Itirapuã (SP);100000;0;90000;3000;90000;3600;83750;3600;93333;3600
MU;3523800;Itobi (SP);80000;0;80000;0;80000;0;80556;3720;80000;3720
MU;3523909;Itu (SP);70000;0;80000;0;79000;2100;79000;2100;79000;2800
MU;3524006;Itupeva (SP);120000;0;60000;0;50000;0;50000;0;50000;0
MU;3524105;Ituverava (SP);85000;3000;85000;3734;85000;3741;85000;3743;85000;3743
MU;3524204;Jaborandi (SP);80000;3000;75000;3000;78000;3300;76000;3063;76333;3631
MU;3524303;Jaboticabal (SP);85000;3000;85000;3000;85000;3000;85000;3000;90000;3600
MU;3524402;Jacareí (SP);0;0;0;0;50000;0;50000;0;50000;0
MU;3524501;Jaci (SP);110000;2700;100000;3600;110000;2400;90000;2400;90000;2400
MU;3524600;Jacupiranga (SP);0;0;0;0;20000;0;30000;0;30000;0
MU;3524709;Jaguariúna (SP);80000;0;80000;3600;80000;3600;80000;3600;80000;3600
MU;3524808;Jales (SP);80000;0;80000;0;90000;0;90000;0;90000;0
MU;3524907;Jambeiro (SP);60000;0;0;0;0;0;0;0;0;0
MU;3525003;Jandira (SP);0;0;0;0;0;0;0;0;0;0
MU;3525102;Jardinópolis (SP);80000;3600;80000;3600;80000;3600;80000;3600;80000;3600
MU;3525201;Jarinu (SP);65000;0;65000;0;65000;0;65000;0;65000;0
MU;3525300;Jaú (SP);80009;2922;78010;3155;80000;3140;80000;2315;75000;3852
MU;3525409;Jeriquara (SP);75000;3300;80000;3400;80000;3600;80000;3340;80000;3000
MU;3525508;Joanópolis (SP);0;0;0;0;0;0;0;0;0;0
MU;3525607;João Ramalho (SP);68454;2880;70992;2450;65871;2450;65871;2450;67331;2357
MU;3525706;José Bonifácio (SP);80000;3000;70000;3900;70000;3925;70000;1500;80000;3600
MU;3525805;Júlio Mesquita (SP);60000;0;70000;0;70000;0;0;3300;0;0
MU;3525854;Jumirim (SP);100000;3000;100000;3000;100000;3000;75000;3000;100000;3000
MU;3525904;Jundiaí (SP);0;0;0;0;0;0;0;0;0;0
MU;3526001;Junqueirópolis (SP);65000;0;70000;0;70000;0;65000;2105;65000;3000
MU;3526100;Juquiá (SP);0;0;0;0;0;0;0;0;0;0
MU;3526209;Juquitiba (SP);0;0;0;0;0;0;0;0;0;0
MU;3526308;Lagoinha (SP);60000;0;88000;0;49000;0;25000;0;0;0
MU;3526407;Laranjal Paulista (SP);100000;2520;100000;2520;100000;2458;73000;2000;73000;2000
MU;3526506;Lavínia (SP);80000;2700;80000;2700;80000;3420;80000;1679;80000;2600
MU;3526605;Lavrinhas (SP);0;0;0;0;0;0;0;0;0;0
MU;3526704;Leme (SP);90015;1800;90015;1800;90015;1800;92700;3600;92700;3600
MU;3526803;Lençóis Paulista (SP);80000;2400;85940;3000;76000;3500;76000;3500;70000;4200
MU;3526902;Limeira (SP);80000;2700;80000;2700;80576;2780;79200;2849;79067;2700
MU;3527009;Lindóia (SP);100000;3500;100000;3500;100000;0;100000;0;100000;0
MU;3527108;Lins (SP);83000;2879;76000;3000;82000;3299;75000;2400;70000;2819
MU;3527207;Lorena (SP);0;2100;0;2100;0;2100;0;3000;0;3000
MU;3527256;Lourdes (SP);79800;2700;63000;2800;72000;3600;70000;2250;78000;4200
MU;3527306;Louveira (SP);55000;0;55000;0;55000;0;55000;0;55000;0
MU;3527405;Lucélia (SP);75000;0;75000;2800;68000;1800;68000;1800;70000;1200
MU;3527504;Lucianópolis (SP);75000;3000;75000;3000;72000;2900;75000;3559;76000;2945
MU;3527603;Luís Antônio (SP);72000;2400;85000;3000;85000;4200;85000;3900;85000;3900
MU;3527702;Luiziânia (SP);75790;0;68330;0;68330;3000;70000;3000;70000;3000
MU;3527801;Lupércio (SP);0;2400;0;2400;0;2700;0;2160;0;2320
MU;3527900;Lutécia (SP);61000;2500;81000;2880;80467;2700;70489;2693;70000;2693
MU;3528007;Macatuba (SP);90000;0;90000;3301;86000;3900;86000;3900;84000;3900
MU;3528106;Macaubal (SP);70000;3000;70000;1800;70000;1800;80000;2100;80000;3000
MU;3528205;Macedônia (SP);70000;2517;80000;2520;80000;2521;77538;1800;80000;2400
MU;3528304;Magda (SP);76000;2000;75000;2800;75000;2700;75000;2200;65000;3600
MU;3528403;Mairinque (SP);0;3000;0;3000;0;3000;0;3000;0;3000
MU;3528502;Mairiporã (SP);0;0;0;0;0;0;0;0;0;0
MU;3528601;Manduri (SP);94000;3457;94000;3407;94000;3960;85540;3503;85540;3432
MU;3528700;Marabá Paulista (SP);71820;0;70000;0;70000;2000;72273;2400;72273;2000
MU;3528809;Maracaí (SP);75000;3204;87000;3000;90000;3305;90000;3320;90000;3324
MU;3528858;Marapoama (SP);85653;0;90000;0;90000;0;90000;0;90000;3500
MU;3528908;Mariápolis (SP);70000;0;70000;0;70000;3600;70000;2000;70000;1900
MU;3529005;Marília (SP);35000;0;80000;0;80000;3000;77500;2700;64167;2700
MU;3529104;Marinópolis (SP);90000;0;90000;0;80000;0;80000;0;80000;0
MU;3529203;Martinópolis (SP);84000;3000;84000;3057;87361;3129;87361;3129;85494;3041
MU;3529302;Matão (SP);80000;2400;80000;2400;95238;3000;80000;3000;72727;2700
MU;3529401;Mauá (SP);0;0;0;0;0;0;0;0;0;0
MU;3529500;Mendonça (SP);85000;2400;85000;3600;90000;3600;80000;1800;80000;4200
MU;3529609;Meridiano (SP);75000;2100;74525;2277;75000;2280;62000;1800;70000;2280
MU;3529658;Mesópolis (SP);65000;2100;72000;3000;72000;3637;71982;1800;72000;2400
MU;3529708;Miguelópolis (SP);90000;3176;90036;3476;90036;3476;90000;3179;90000;2988
MU;3529807;Mineiros do Tietê (SP);83000;3179;80000;3248;76000;3837;80000;2757;75000;4237
MU;3529906;Miracatu (SP);0;0;0;0;0;0;0;0;0;0
MU;3530003;Mira Estrela (SP);80000;4200;80000;4000;80000;4000;80000;1800;80000;3960
MU;3530102;Mirandópolis (SP);78000;1792;70000;0;73683;2086;74333;1800;76778;1800
MU;3530201;Mirante do Paranapanema (SP);76999;3000;65862;3000;65862;3000;68912;3000;75000;3000
MU;3530300;Mirassol (SP);85000;3600;85000;3600;85000;3000;85000;2000;85000;1900
MU;3530409;Mirassolândia (SP);80000;0;90000;0;70000;3300;75000;2100;70000;3000
MU;3530508;Mococa (SP);92500;0;92500;0;92500;0;80000;3000;92500;3000
MU;3530607;Mogi das Cruzes (SP);0;0;0;0;0;0;0;0;0;0
MU;3530706;Mogi Guaçu (SP);70000;2400;80000;2400;70000;2400;50000;2914;70000;3600
MU;3530805;Mogi Mirim (SP);85000;4200;85000;3600;83500;3300;50000;3300;70000;3600
MU;3530904;Mombuca (SP);65000;3350;65000;3350;67000;3350;67000;3167;65667;3333
MU;3531001;Monções (SP);81000;0;90000;3300;71810;3200;71810;3200;73000;2900
MU;3531100;Mongaguá (SP);0;0;0;0;0;0;0;0;0;0
MU;3531209;Monte Alegre do Sul (SP);55000;2417;60000;0;60000;0;60000;0;60000;0
MU;3531308;Monte Alto (SP);70000;2400;80000;2400;90000;3100;90000;3500;87000;3200
MU;3531407;Monte Aprazível (SP);70000;2000;80000;2000;70000;3000;80000;2197;80000;3000
MU;3531506;Monte Azul Paulista (SP);80000;3000;85000;3600;75000;3600;73000;2700;70000;3600
MU;3531605;Monte Castelo (SP);75257;2240;75000;2000;70000;0;70000;0;70000;2700
MU;3531704;Monteiro Lobato (SP);60000;0;0;0;0;0;0;0;0;0
MU;3531803;Monte Mor (SP);114286;4000;100000;4000;97670;3600;97670;3600;104762;12000
MU;3531902;Morro Agudo (SP);82000;3246;82000;3606;82000;3603;77000;3609;77000;3484
MU;3532009;Morungaba (SP);60000;0;60000;0;60000;3000;60000;3000;60000;3000
MU;3532058;Motuca (SP);80000;3000;85000;3600;85000;3382;83333;2250;83000;2750
MU;3532108;Murutinga do Sul (SP);70000;0;70000;0;70000;0;90000;1920;73333;1920
MU;3532157;Nantes (SP);90460;2700;80890;2900;65800;3470;65800;3470;80017;3131
MU;3532207;Narandiba (SP);80000;0;70000;0;89999;0;89999;0;83332;3790
MU;3532306;Natividade da Serra (SP);0;0;0;0;0;0;0;0;0;0
MU;3532405;Nazaré Paulista (SP);95000;0;95000;0;95000;0;85000;0;85000;0
MU;3532504;Neves Paulista (SP);80000;0;80000;2800;80000;3000;80000;2100;80000;3000
MU;3532603;Nhandeara (SP);75000;2700;90000;3000;80000;2700;80000;3300;80000;3300
MU;3532702;Nipoã (SP);80000;3000;80000;3000;80000;3000;70000;2400;70000;3420
MU;3532801;Nova Aliança (SP);90000;2500;90000;4200;90341;0;80000;0;80000;0
MU;3532827;Nova Campina (SP);0;3400;0;3400;0;3400;0;3400;75000;3400
MU;3532843;Nova Canaã Paulista (SP);90000;0;90000;0;90000;0;85000;0;85000;0
MU;3532868;Nova Castilho (SP);61000;1800;61000;1800;61000;2200;75000;2400;65000;2900
MU;3532900;Nova Europa (SP);85000;2700;72250;2700;68000;2700;81667;2700;89014;1800
MU;3533007;Nova Granada (SP);72000;4800;70000;2700;70000;3000;80000;2200;75000;3000
MU;3533106;Nova Guataporanga (SP);75000;0;73000;0;70000;0;65000;0;65000;0
MU;3533205;Nova Independência (SP);70000;0;70000;0;70000;0;68000;0;69333;0
MU;3533254;Novais (SP);70000;0;75000;2700;75000;2700;75000;2700;80000;2700
MU;3533304;Nova Luzitânia (SP);67206;2871;59071;0;67094;0;68000;2101;72000;2847
MU;3533403;Nova Odessa (SP);67778;0;67778;0;71111;0;70000;3600;0;2000
MU;3533502;Novo Horizonte (SP);90000;0;90000;0;74988;0;70000;0;84000;0
MU;3533601;Nuporanga (SP);80000;3000;80000;3600;80000;3600;80000;3600;80000;3401
MU;3533700;Ocauçu (SP);100000;3600;100000;3679;100000;3600;75000;3200;100000;3200
MU;3533809;Óleo (SP);90000;2674;90000;2674;85000;2948;85000;3001;85000;3678
MU;3533908;Olímpia (SP);75000;0;80000;0;75000;0;75000;0;75000;3480
MU;3534005;Onda Verde (SP);82892;3000;83000;3000;70550;3000;75000;2788;75000;3167
MU;3534104;Oriente (SP);80000;0;80000;0;80000;0;80000;0;80000;0
MU;3534203;Orindiúva (SP);75000;3300;60000;3300;61233;3300;70000;2100;77000;3000
MU;3534302;Orlândia (SP);80000;3600;80000;3600;80000;3600;72000;2700;72000;2700
MU;3534401;Osasco (SP);0;0;0;0;0;0;0;0;0;0
MU;3534500;Oscar Bressane (SP);110000;0;87000;4000;65000;4000;65000;4000;72333;4000
MU;3534609;Osvaldo Cruz (SP);70000;2850;70000;3300;70000;2400;70000;1850;70000;1900
MU;3534708;Ourinhos (SP);81000;2400;80000;3300;67000;3100;80000;1800;79138;2657
MU;3534757;Ouroeste (SP);75000;3600;76960;3600;75000;3600;75000;1800;75000;3600
MU;3534807;Ouro Verde (SP);80000;0;70000;0;69000;0;70000;0;70000;3000
MU;3534906;Pacaembu (SP);70000;3000;70000;3000;70000;3600;70000;1850;70000;2200
MU;3535002;Palestina (SP);90000;1800;106061;2659;63618;3014;75000;2642;80000;3033
MU;3535101;Palmares Paulista (SP);75000;2700;85000;2700;85000;0;64000;0;76667;3600
MU;3535200;Palmeira d'Oeste (SP);70000;0;70000;0;70000;0;80000;0;80000;0
MU;3535309;Palmital (SP);75000;3000;75000;3400;80000;3300;80000;3309;80000;3315
MU;3535408;Panorama (SP);75000;0;70000;0;70000;0;70000;0;70000;0
MU;3535507;Paraguaçu Paulista (SP);73449;2500;72451;3300;76421;3600;75000;3133;72000;3100
MU;3535606;Paraibuna (SP);40000;0;0;0;0;0;0;0;0;0
MU;3535705;Paraíso (SP);80500;2400;80500;2400;80500;2820;80500;2400;80500;2400
MU;3535804;Paranapanema (SP);88500;3750;88500;4162;70000;3912;80000;3600;77500;3724
MU;3535903;Paranapuã (SP);85000;3000;90000;3296;90000;3000;90000;900;90000;3000
MU;3536000;Parapuã (SP);75000;3000;90000;2700;85000;3000;72000;2100;80000;3000
MU;3536109;Pardinho (SP);70000;3000;70000;3000;70000;3000;61333;4200;61333;4200
MU;3536208;Pariquera-Açu (SP);50000;0;50000;0;50000;0;50000;0;50000;0
MU;3536257;Parisi (SP);80000;0;80000;0;80000;0;80000;3150;70000;0
MU;3536307;Patrocínio Paulista (SP);80000;3000;80000;3000;80000;3000;80000;3000;80000;3000
MU;3536406;Paulicéia (SP);75000;0;69106;1500;65000;0;65000;0;62000;0
MU;3536505;Paulínia (SP);82857;0;91429;0;91429;0;91429;0;0;0
MU;3536570;Paulistânia (SP);62500;0;62500;0;70000;0;70000;0;70000;3000
MU;3536604;Paulo de Faria (SP);80000;2509;83784;2509;90000;2509;78000;2397;85000;2397
MU;3536703;Pederneiras (SP);80000;3600;89000;3600;85000;3600;85000;3600;90000;4163
MU;3536802;Pedra Bela (SP);80000;0;80000;3000;90000;3000;85000;3000;85000;3000
MU;3536901;Pedranópolis (SP);75000;4000;75000;4000;70000;4000;75000;4000;80000;2100
MU;3537008;Pedregulho (SP);80000;3000;80000;3000;80000;3000;75000;2960;80000;2987
MU;3537107;Pedreira (SP);0;0;0;0;0;0;0;0;0;0
MU;3537156;Pedrinhas Paulista (SP);75000;3021;85000;3303;90000;3004;85000;3007;100000;3007
MU;3537206;Pedro de Toledo (SP);0;0;0;0;0;0;0;0;0;0
MU;3537305;Penápolis (SP);70780;3000;66280;3000;66280;3000;65000;1200;70000;3000
MU;3537404;Pereira Barreto (SP);78000;3704;70000;3828;60000;3828;70000;3496;70017;3593
MU;3537503;Pereiras (SP);82000;0;82000;0;0;0;72400;0;82000;0
MU;3537602;Peruíbe (SP);0;0;0;0;0;0;0;0;0;0
MU;3537701;Piacatu (SP);80000;2700;80000;3000;70000;1439;70000;2100;70000;2400
MU;3537800;Piedade (SP);0;0;0;2000;0;2000;0;2000;0;2000
MU;3537909;Pilar do Sul (SP);0;3000;0;3720;0;3720;0;3720;0;3720
MU;3538006;Pindamonhangaba (SP);0;1200;0;1200;0;3419;0;2200;0;3600
MU;3538105;Pindorama (SP);90000;2700;85000;0;85000;2714;75000;2700;80000;2700
MU;3538204;Pinhalzinho (SP);0;0;0;0;70000;0;100000;0;100000;2400
MU;3538303;Piquerobi (SP);50000;0;50000;2699;50000;2700;50000;2700;50000;2700
MU;3538501;Piquete (SP);0;0;0;0;0;0;0;0;0;0
MU;3538600;Piracaia (SP);50000;0;50000;0;50000;0;50000;0;50000;0
MU;3538709;Piracicaba (SP);65000;2400;65000;2400;67000;2400;65000;2500;65000;2400
MU;3538808;Piraju (SP);75000;3500;75000;3500;80000;3900;80000;3158;80000;3358
MU;3538907;Pirajuí (SP);75000;4500;75000;3600;90000;3300;90000;3300;80000;3300
MU;3539004;Pirangi (SP);80000;3000;82000;3600;70000;3600;70000;2100;80000;3000
MU;3539103;Pirapora do Bom Jesus (SP);0;0;0;0;0;0;0;0;0;0
MU;3539202;Pirapozinho (SP);80000;2700;77778;2747;80000;3598;80000;3598;80000;2721
MU;3539301;Pirassununga (SP);85000;2700;85000;3300;80000;3000;90000;3130;90000;3000
MU;3539400;Piratininga (SP);66667;0;85000;2700;75000;2700;75000;2700;70000;2822
MU;3539509;Pitangueiras (SP);85000;3000;85000;3385;85000;3385;85000;3000;85000;3500
MU;3539608;Planalto (SP);76862;2700;80000;2700;76900;2700;70000;2700;60000;3000
MU;3539707;Platina (SP);66000;2975;85000;3000;73000;3180;73000;2604;80000;2868
MU;3539806;Poá (SP);0;0;0;0;0;0;0;0;0;0
MU;3539905;Poloni (SP);70000;2400;70000;2800;70000;2400;70000;1800;75000;2700
MU;3540002;Pompéia (SP);90000;0;80000;3000;80000;3000;80000;2940;80000;3000
MU;3540101;Pongaí (SP);100000;3000;100000;3000;80000;2389;70000;2400;86947;3660
MU;3540200;Pontal (SP);80000;2100;80000;2000;85000;2000;85000;2000;85000;2000
MU;3540259;Pontalinda (SP);100000;0;100000;1500;100000;2700;100000;2700;100000;2700
MU;3540309;Pontes Gestal (SP);78000;3279;78000;3311;72000;3185;72000;7670;72000;3360
MU;3540408;Populina (SP);80000;3000;80000;2400;80000;2640;80000;1200;80000;2400
MU;3540507;Porangaba (SP);90000;2475;90000;0;90000;2475;85532;2475;88511;2475
MU;3540606;Porto Feliz (SP);80000;2200;80000;2100;79000;2100;80000;2100;79000;2500
MU;3540705;Porto Ferreira (SP);65000;3600;60000;3600;90000;3000;90000;2400;100000;2400
MU;3540754;Potim (SP);0;0;0;0;0;0;0;3000;0;3000
MU;3540804;Potirendaba (SP);80000;3359;100000;3600;90000;3000;83333;2200;80000;3000
MU;3540853;Pracinha (SP);70000;0;70000;3600;70000;3600;70000;1850;70000;1882
MU;3540903;Pradópolis (SP);85000;0;85000;3000;85000;3000;85000;3000;85000;3000
MU;3541000;Praia Grande (SP);0;0;0;0;0;0;0;0;0;0
MU;3541059;Pratânia (SP);70000;0;85000;4438;84639;4438;85119;4155;85119;4155
MU;3541109;Presidente Alves (SP);80000;0;76246;0;80000;0;80000;0;72000;0
MU;3541208;Presidente Bernardes (SP);75000;2400;75000;2702;75000;3300;75000;3300;75000;2701
MU;3541307;Presidente Epitácio (SP);71865;2400;70000;2400;69630;2400;83554;0;70498;0
MU;3541406;Presidente Prudente (SP);71698;0;79800;0;79800;0;79800;0;80000;0
MU;3541505;Presidente Venceslau (SP);57345;0;60000;2505;70000;0;72907;2400;70000;0
MU;3541604;Promissão (SP);83360;3000;67550;3000;66090;3000;65000;2400;65000;2400
MU;3541653;Quadra (SP);90000;2921;90000;0;90000;2921;84066;2809;90000;2809
MU;3541703;Quatá (SP);83104;2800;74185;2830;62498;3000;62498;3000;73356;3280
MU;3541802;Queiroz (SP);78000;0;75000;0;79000;0;75000;0;75000;3000
MU;3541901;Queluz (SP);61000;0;61000;0;61000;0;61000;0;61000;0
MU;3542008;Quintana (SP);79000;0;87000;3502;65800;0;75000;3000;70000;3000
MU;3542107;Rafard (SP);70000;0;70000;0;70000;0;70000;0;70000;0
MU;3542206;Rancharia (SP);77268;2756;69272;3081;58044;3543;58044;3543;73382;2977
MU;3542305;Redenção da Serra (SP);60000;0;67500;0;0;0;70000;0;70000;0
MU;3542404;Regente Feijó (SP);80000;2280;90000;2100;80800;2700;80800;2700;83600;2360
MU;3542503;Reginópolis (SP);83333;3000;80000;3006;80000;3600;80000;3600;75000;3648
MU;3542602;Registro (SP);35000;0;35000;0;35000;0;90000;0;90000;0
MU;3542701;Restinga (SP);80000;3000;80000;2400;80000;2400;80000;2700;80000;2500
MU;3542800;Ribeira (SP);75000;0;75000;0;75000;0;75000;0;75000;0
MU;3542909;Ribeirão Bonito (SP);68000;0;73500;3600;72000;0;72000;0;78000;0
MU;3543006;Ribeirão Branco (SP);0;4000;0;4000;0;4000;0;4000;0;4000
MU;3543105;Ribeirão Corrente (SP);75000;3300;75000;3300;75000;2700;73333;3000;80000;3200
MU;3543204;Ribeirão do Sul (SP);85000;3000;75000;3600;80000;3225;85000;2445;78900;3248
MU;3543238;Ribeirão dos Índios (SP);70000;0;70000;0;49000;3000;73615;3384;70000;3125
MU;3543253;Ribeirão Grande (SP);0;4500;0;4500;0;4500;60000;4500;60000;4500
MU;3543303;Ribeirão Pires (SP);0;0;0;0;0;0;0;0;0;0
MU;3543402;Ribeirão Preto (SP);78081;2100;75000;2100;75000;2100;75000;2100;84997;2100
MU;3543501;Riversul (SP);70000;4000;70000;3000;70000;4000;70000;3100;70000;3700
MU;3543600;Rifaina (SP);80000;0;80000;2100;75000;3300;75000;2400;90000;2400
MU;3543709;Rincão (SP);75000;2700;75000;3000;75000;3000;75000;2800;75000;3200
MU;3543808;Rinópolis (SP);0;3000;70000;0;47500;3000;72500;3000;55000;3000
MU;3543907;Rio Claro (SP);75000;2100;75000;2100;72000;2500;75000;2500;75000;2500
MU;3544004;Rio das Pedras (SP);65000;2000;65055;2000;67000;2000;66000;2400;66000;2000
MU;3544103;Rio Grande da Serra (SP);0;0;0;0;0;0;0;0;0;0
MU;3544202;Riolândia (SP);90000;3333;90000;3299;92000;3500;92000;2914;92000;3000
MU;3544251;Rosana (SP);61513;2103;61513;2177;70314;2493;73989;2394;64447;3322
MU;3544301;Roseira (SP);0;0;0;0;0;2400;0;3000;0;3000
MU;3544400;Rubiácea (SP);79639;2579;90000;2579;82000;3000;77000;2102;85000;3619
MU;3544509;Rubinéia (SP);80000;0;80000;0;80000;0;80000;1700;80000;1700
MU;3544608;Sabino (SP);80000;3455;74000;2918;80000;3189;64004;2400;77111;2800
MU;3544707;Sagres (SP);80000;2586;85000;0;70000;0;70000;0;70000;2400
MU;3544806;Sales (SP);85000;3600;85000;3600;85000;3600;80000;3000;80000;3600
MU;3544905;Sales Oliveira (SP);90000;3300;90000;3600;90000;3600;90000;2700;90000;2700
MU;3545001;Salesópolis (SP);0;0;0;0;0;0;0;0;0;0
MU;3545100;Salmourão (SP);87000;2700;88000;3000;70000;2700;90000;1800;75000;2200
MU;3545159;Saltinho (SP);65000;3500;65000;3500;67000;3500;65000;3500;65667;3500
MU;3545209;Salto (SP);80000;2200;79000;2100;79000;2100;79000;2100;79000;2600
MU;3545308;Salto de Pirapora (SP);0;3600;0;3600;0;3600;0;6000;0;3600
MU;3545407;Salto Grande (SP);70000;3000;90000;2400;84000;2542;80000;1828;79000;1819
MU;3545506;Sandovalina (SP);79628;2100;79628;2628;80000;3300;80119;3300;79605;2276
MU;3545605;Santa Adélia (SP);90000;0;90000;0;80000;3000;75000;3000;75000;3600
MU;3545704;Santa Albertina (SP);110000;0;78291;3600;84000;0;70000;0;85000;0
MU;3545803;Santa Bárbara d'Oeste (SP);64000;2767;64000;2767;65000;3000;80000;3600;80000;4000
MU;3546009;Santa Branca (SP);0;0;50000;0;50000;0;50000;0;50000;0
MU;3546108;Santa Clara d'Oeste (SP);80000;2680;70000;0;70000;1200;0;1700;0;1700
MU;3546207;Santa Cruz da Conceição (SP);80000;2700;80000;3000;80000;3600;75000;4200;75000;3900
MU;3546256;Santa Cruz da Esperança (SP);78000;1800;80000;1800;80000;1800;80000;1800;80000;1800
MU;3546306;Santa Cruz das Palmeiras (SP);85000;3600;80000;3120;80000;2919;82000;3002;82000;3300
MU;3546405;Santa Cruz do Rio Pardo (SP);65000;3300;68000;3300;70000;3600;70000;2149;67667;3500
MU;3546504;Santa Ernestina (SP);90000;2100;90000;3420;89000;4000;90000;4000;87000;3500
MU;3546603;Santa Fé do Sul (SP);90000;0;90000;0;90000;0;85543;0;90000;0
MU;3546702;Santa Gertrudes (SP);65000;3000;65000;3000;70000;2600;73000;2602;73000;2600
MU;3546801;Santa Isabel (SP);0;0;0;0;0;0;0;0;0;0
MU;3546900;Santa Lúcia (SP);75000;2700;75000;2700;75000;3000;75000;2700;75000;2700
MU;3547007;Santa Maria da Serra (SP);65000;0;65000;0;67000;0;65000;0;65667;0
MU;3547106;Santa Mercedes (SP);75000;0;70000;0;70000;0;70000;0;68000;0
MU;3547205;Santana da Ponte Pensa (SP);90000;3899;90000;3900;70000;3700;80000;3901;80000;3900
MU;3547304;Santana de Parnaíba (SP);0;0;0;0;0;0;0;0;0;0
MU;3547403;Santa Rita d'Oeste (SP);80000;1800;80000;0;70000;0;80000;0;80000;0
MU;3547502;Santa Rita do Passa Quatro (SP);80000;3000;80000;4200;80000;3000;70000;2700;70000;2700
MU;3547601;Santa Rosa de Viterbo (SP);70000;2100;80000;2100;80000;3000;80000;3000;80000;4800
MU;3547650;Santa Salete (SP);100000;0;100000;0;100000;0;100000;0;100000;0
MU;3547700;Santo Anastácio (SP);70349;3000;68522;3000;70000;3019;70116;3600;70155;3000
MU;3547809;Santo André (SP);0;0;0;0;0;0;0;0;0;0
MU;3547908;Santo Antônio da Alegria (SP);80000;3600;80000;4200;80000;4200;80000;4200;80000;4500
MU;3548005;Santo Antônio de Posse (SP);75000;0;85000;0;58000;3000;50000;3000;70000;3300
MU;3548054;Santo Antônio do Aracanguá (SP);64663;2760;65000;3300;70203;2400;70000;2050;72000;3100
MU;3548104;Santo Antônio do Jardim (SP);0;0;0;0;0;0;0;0;0;0
MU;3548203;Santo Antônio do Pinhal (SP);0;0;0;0;0;0;0;0;0;0
MU;3548302;Santo Expedito (SP);70008;0;70008;0;70008;0;72982;0;70175;0
MU;3548401;Santópolis do Aguapeí (SP);64790;2101;75890;3000;75890;0;75000;0;75000;0
MU;3548500;Santos (SP);0;0;0;0;0;0;0;0;0;0
MU;3548609;São Bento do Sapucaí (SP);0;0;0;0;0;0;0;0;0;0
MU;3548708;São Bernardo do Campo (SP);0;0;0;0;0;0;0;0;0;0
MU;3548906;São Carlos (SP);85000;3600;80000;3600;80000;3600;80000;3600;85000;3600
MU;3549003;São Francisco (SP);90000;0;90000;2460;90000;3300;90000;3300;90000;3000
MU;3549102;São João da Boa Vista (SP);75000;2100;75000;4000;80000;2100;80000;2100;75000;2100
MU;3549201;São João das Duas Pontes (SP);80000;0;80000;0;80000;0;76190;0;80000;0
MU;3549250;São João de Iracema (SP);58000;3000;60000;3200;60000;2800;62000;2100;72000;2600
MU;3549300;São João do Pau d'Alho (SP);75000;0;75000;0;70000;0;70000;0;70000;0
MU;3549409;São Joaquim da Barra (SP);80019;3008;80000;3604;80000;3612;72000;3612;72000;2758
MU;3549508;São José da Bela Vista (SP);80000;3000;100000;3000;100000;3000;85000;3000;100000;3000
MU;3549607;São José do Barreiro (SP);60000;0;60000;0;60000;0;60000;0;60000;0
MU;3549706;São José do Rio Pardo (SP);100000;0;70000;3000;70000;3000;80000;3000;83333;3000
MU;3549805;São José do Rio Preto (SP);80000;0;80000;0;100000;3117;80000;3000;80000;3000
MU;3549904;São José dos Campos (SP);50000;0;0;0;0;0;0;0;0;0
MU;3549953;São Lourenço da Serra (SP);0;0;0;0;0;0;0;0;0;0
MU;3550001;São Luiz do Paraitinga (SP);60000;4200;60000;4300;60000;4320;70000;2400;70000;0
MU;3550100;São Manuel (SP);70000;0;60000;0;80000;0;79991;0;79991;0
MU;3550209;São Miguel Arcanjo (SP);0;4800;0;4800;0;4800;0;4800;0;4800
MU;3550308;São Paulo (SP);20000;0;20000;0;20000;0;20000;0;20000;0
MU;3550407;São Pedro (SP);65000;0;65000;0;67000;0;65000;3500;65000;3500
MU;3550506;São Pedro do Turvo (SP);85000;3298;70000;3200;72000;3300;80000;1920;78960;3275
MU;3550605;São Roque (SP);0;3000;100000;3000;100000;3000;83333;3000;83333;3000
MU;3550704;São Sebastião (SP);0;0;0;0;0;0;0;0;0;0
MU;3550803;São Sebastião da Grama (SP);69905;0;69905;0;69905;0;75000;0;70000;0
MU;3550902;São Simão (SP);70000;0;70000;0;70000;0;70000;0;70000;0
MU;3551009;São Vicente (SP);0;0;0;0;0;0;0;0;0;0
MU;3551108;Sarapuí (SP);85000;4000;85000;4000;0;5100;0;4350;0;4350
MU;3551207;Sarutaiá (SP);90000;3000;90000;3300;90000;3300;90000;3300;90000;3600
MU;3551306;Sebastianópolis do Sul (SP);80000;0;80000;3000;70000;3000;70000;3000;70000;3000
MU;3551405;Serra Azul (SP);70000;2100;79223;2100;79223;2100;79223;3000;79223;3000
MU;3551504;Serrana (SP);80000;2880;74000;2400;74000;2400;74000;2400;74000;2400
MU;3551603;Serra Negra (SP);80000;3000;80000;3000;80000;3000;80000;3000;80000;3000
MU;3551702;Sertãozinho (SP);80000;2800;85000;2500;85000;2500;85000;2500;85000;2500
MU;3551801;Sete Barras (SP);0;0;0;0;40000;0;40000;0;40000;0
MU;3551900;Severínia (SP);80000;0;80000;3000;65000;3000;70000;2100;75000;3600
MU;3552007;Silveiras (SP);65000;0;65000;0;65000;0;65000;0;65000;0
MU;3552106;Socorro (SP);80000;4000;80000;4000;80000;4000;80000;4000;80000;4000
MU;3552205;Sorocaba (SP);100000;0;100000;3000;100000;3000;75000;3000;100000;3000
MU;3552304;Sud Mennucci (SP);75000;0;82000;3196;82000;2797;75000;3590;77333;3341
MU;3552403;Sumaré (SP);90000;0;96552;0;85000;3000;85000;3000;85000;3000
MU;3552502;Suzano (SP);0;0;0;0;0;0;0;0;0;0
MU;3552551;Suzanápolis (SP);80000;2700;100000;2701;70000;2800;75000;2200;76000;2800
MU;3552601;Tabapuã (SP);90000;0;90000;0;90000;0;85000;2642;85000;3600
MU;3552700;Tabatinga (SP);88000;1667;80000;2500;70000;3000;69360;2700;72000;3179
MU;3552809;Taboão da Serra (SP);0;0;0;0;0;0;0;0;0;0
MU;3552908;Taciba (SP);70000;2700;70000;3300;90000;3300;90000;3300;81111;3000
MU;3553005;Taguaí (SP);0;2739;0;2727;0;2700;0;3022;0;2722
MU;3553104;Taiaçu (SP);83000;0;83000;0;70000;0;75000;0;75000;3600
MU;3553203;Taiúva (SP);85000;3358;85000;3600;75000;3600;75000;1800;75000;3600
MU;3553302;Tambaú (SP);80000;3000;80000;3000;90000;3000;90000;3614;80000;3000
MU;3553401;Tanabi (SP);80000;3000;80000;3000;70000;3000;70000;2700;80000;3600
MU;3553500;Tapiraí (SP);0;0;0;0;0;0;0;0;0;0
MU;3553609;Tapiratiba (SP);95200;3600;95200;3600;95200;3600;80000;3600;95200;3600
MU;3553658;Taquaral (SP);80000;3000;80000;3603;70000;3603;75000;3600;75000;3600
MU;3553708;Taquaritinga (SP);90000;1680;90000;1680;89000;4000;90000;4000;87000;3500
MU;3553807;Taquarituba (SP);70000;3900;80000;4020;70000;3800;70000;3480;70000;3700
MU;3553856;Taquarivaí (SP);0;3896;0;3929;0;4380;0;3965;0;3969
MU;3553906;Tarabai (SP);80000;3000;80000;2810;80000;3300;80000;3000;80000;2930
MU;3553955;Tarumã (SP);74000;3120;86000;3120;93000;3300;85000;3312;90000;3312
MU;3554003;Tatuí (SP);31699;0;80000;3000;80000;2425;80000;3000;80000;3000
MU;3554102;Taubaté (SP);0;4200;0;4000;15385;4000;0;2600;0;3600
MU;3554201;Tejupá (SP);86000;2751;86000;2415;86000;2700;85500;2450;0;2700
MU;3554300;Teodoro Sampaio (SP);75982;2520;64000;2520;65346;2520;73538;2940;60000;2520
MU;3554409;Terra Roxa (SP);80000;3300;80000;3600;75000;3000;80000;2400;80000;3600
MU;3554508;Tietê (SP);75000;0;75000;0;75000;0;75000;0;75000;0
MU;3554607;Timburi (SP);80000;3600;80000;3599;80000;3599;80000;3600;80000;3900
MU;3554656;Torre de Pedra (SP);90000;0;90000;0;90000;0;84286;0;84286;0
MU;3554706;Torrinha (SP);74000;3900;70000;3600;60000;3480;80000;3300;75000;3900
MU;3554755;Trabiju (SP);80000;0;75000;0;75000;0;76667;0;77000;2714
MU;3554805;Tremembé (SP);0;4200;0;2400;0;2400;0;2500;0;3000
MU;3554904;Três Fronteiras (SP);80000;0;70000;0;60000;0;80000;0;70000;3900
MU;3554953;Tuiuti (SP);0;0;0;0;0;0;0;0;0;0
MU;3555000;Tupã (SP);85000;2400;60000;2581;72170;2400;75000;2040;60000;2700
MU;3555109;Tupi Paulista (SP);80000;2000;72000;2500;70000;0;70000;0;70000;3000
MU;3555208;Turiúba (SP);94260;2400;80000;3242;80000;3602;65000;1501;90000;3000
MU;3555307;Turmalina (SP);60000;0;80000;0;60000;0;75000;0;75000;0
MU;3555356;Ubarana (SP);90000;4800;90000;4000;90000;4800;90000;3000;90000;4800
MU;3555406;Ubatuba (SP);0;0;0;0;0;0;0;0;0;0
MU;3555505;Ubirajara (SP);70000;2800;70000;3200;0;3000;0;3600;0;2864
MU;3555604;Uchoa (SP);110000;0;110000;0;90000;3308;90000;3308;80000;3000
MU;3555703;União Paulista (SP);100000;2400;100000;2600;100000;2597;80000;2692;80000;2700
MU;3555802;Urânia (SP);120000;2100;120000;0;120000;0;110000;0;110000;0
MU;3555901;Uru (SP);120013;1800;120000;2417;110000;1200;75000;600;75000;0
MU;3556008;Urupês (SP);90000;2412;90000;2412;80000;3525;70000;3000;80000;3000
MU;3556107;Valentim Gentil (SP);70000;3000;68000;1800;65000;3300;73000;1242;70000;0
MU;3556206;Valinhos (SP);0;0;0;0;0;0;0;0;0;0
MU;3556305;Valparaíso (SP);82382;0;84000;0;82000;0;82000;0;82000;0
MU;3556354;Vargem (SP);0;3000;0;3600;0;3600;0;4200;0;4200
MU;3556404;Vargem Grande do Sul (SP);119995;3000;120000;3000;120000;3200;90000;3000;75000;3000
MU;3556453;Vargem Grande Paulista (SP);0;0;0;0;0;0;0;0;0;0
MU;3556503;Várzea Paulista (SP);0;0;0;0;0;0;0;0;0;0
MU;3556602;Vera Cruz (SP);0;0;0;0;0;0;0;0;0;0
MU;3556701;Vinhedo (SP);0;0;0;0;0;0;0;0;0;0
MU;3556800;Viradouro (SP);80000;3300;80000;3600;75000;3600;80000;2400;80000;3600
MU;3556909;Vista Alegre do Alto (SP);96000;0;90000;0;95000;0;90000;0;87000;0
MU;3556958;Vitória Brasil (SP);100000;3000;100000;3293;100000;3000;85000;2400;100000;3000
MU;3557006;Votorantim (SP);0;0;0;0;0;0;0;4000;0;4000
MU;3557105;Votuporanga (SP);70000;3000;75000;2752;75000;2396;70000;2467;70000;3360
MU;3557154;Zacarias (SP);80000;3600;80000;3600;80000;3600;80000;2400;80000;3600
MU;3557204;Chavantes (SP);100000;3000;90000;3300;85000;3240;80000;3000;78960;3056
MU;3557303;Estiva Gerbi (SP);90000;0;90000;0;45000;3200;77500;3240;100000;3600
